Cell,cluster
AAACAACGAATAGTTC-1,2
AAACAAGTATCTCCCA-1,12
AAACAATCTACTAGCA-1,15
AAACAGAGCGACTCCT-1,0
AAACATTTCCCGGATT-1,4
AAACCCGAACGAAATC-1,8
AAACCGGAAATGTTAA-1,2
AAACCGGGTAGGTACC-1,5
AAACCGTTCGTCCAGG-1,0
AAACCTAAGCAGCCGG-1,3
AAACGAAGAACATACC-1,3
AAACGGGCGTACGGGT-1,4
AAACGGTTGCGAACTG-1,0
AAACTCGGTTCGCAAT-1,3
AAAGACCCAAGTCGCG-1,13
AAAGGCTACGGACCAT-1,0
AAAGGCTCTCGCGCCG-1,9
AAAGGGCAGCTTGAAT-1,8
AAAGGTAAGCTGTACC-1,8
AAAGTAGCATTGCTCA-1,0
AAAGTCACTGATGTAA-1,6
AAAGTGCCATCAATTA-1,2
AAATAACCATACGGGA-1,5
AAATAGGGTGCTATTG-1,6
AAATCCGATACACGCC-1,15
AAATCTAGCCCTGCTA-1,7
AAATGCTCGTTACGTT-1,7
AAATGGCATGTCTTGT-1,1
AAATGTGGGTGCTCCT-1,3
AAATTACACGACTCTG-1,5
AAATTGATAGTCCTTT-1,0
AAATTGCGGCGGTTCT-1,13
AAATTTACCGAAATCC-1,8
AAATTTGCGGGTGTGG-1,2
AACACACGCTCGCCGC-1,11
AACACGACTGTACTGA-1,9
AACACGCGGCCGCGAA-1,4
AACAGGAAATCGAATA-1,1
AACAGGTAGTATGGAT-1,7
AACATCGATACGTCTA-1,0
AACATTGGTCAGCCGT-1,13
AACATTGTGACTCGAG-1,0
AACCAGTATCACTCTT-1,0
AACCATGGGATCGCTA-1,11
AACCCAGAGACGGAGA-1,10
AACCCGAGCAGAATCG-1,3
AACCCTGGTGGAACCA-1,9
AACCGTTGTGTTTGCT-1,6
AACCTAAAGCCGTCCG-1,0
AACCTCGCTTTAGCCC-1,3
AACCTTTAAATACGGT-1,1
AACCTTTACGACGTCT-1,0
AACGATAATGCCGTAG-1,6
AACGATAGAAGGGCCG-1,6
AACGCATGATCTGGGT-1,5
AACGCGAACGGCAACA-1,2
AACGCTGTTGCTGAAA-1,10
AACGGACGTACGTATA-1,11
AACGGCCATCTCCGGT-1,1
AACGTACTGTGGGTAC-1,1
AACGTAGTCTACCCAT-1,15
AACGTGATGAAGGACA-1,5
AACTACCCGTTTGTCA-1,7
AACTAGCGTATCGCAC-1,3
AACTAGGCTTGGGTGT-1,1
AACTCCAGAGCGTGTT-1,4
AACTCCTAATCCCATG-1,0
AACTCGATAAACACGT-1,2
AACTCGATGGCGCAGT-1,4
AACTCTCAGTGTGCTC-1,0
AACTGATATTAGGCCT-1,16
AACTGGGTTCGAGCCG-1,14
AACTGGTGTGGGCCTT-1,3
AACTTCTGCGTCTATC-1,7
AACTTGCGTTCTCGCG-1,3
AACTTTAGCTGCTGAG-1,3
AAGAAGGATCAGTTAG-1,3
AAGACCAAATAACTCA-1,0
AAGACCCAACTGAACA-1,9
AAGACTAACCCGTTGT-1,4
AAGAGGCCCTTTGGAA-1,2
AAGATGGCACCGGACC-1,2
AAGCACCCTGCGTATC-1,3
AAGCATACTCTCCTGA-1,16
AAGCCGAAGCGGTTTA-1,12
AAGCCGGAGAGCAGGA-1,2
AAGCGCAGGGCTTTGA-1,3
AAGCGGCGTCATGGGT-1,0
AAGCGTCCCTCATCGA-1,0
AAGCTAGATCGAGTAA-1,16
AAGCTCTTTCATGGTG-1,6
AAGGAGAACTTATAAG-1,3
AAGGCAGGCTGTCTCC-1,8
AAGTAAGCTTCCAAAC-1,15
AAGTAGAAGACCGGGT-1,11
AAGTCAATTGTCGTCA-1,8
AAGTGAGTCGGGTTTA-1,14
AAGTGCCTTGACTGTA-1,8
AAGTGCGTTAGAATCT-1,0
AAGTGTTTGGAGACGG-1,6
AAGTTCACTCCAAGCT-1,6
AAGTTCAGTCTGCGTA-1,14
AAGTTCGGCCAACAGG-1,5
AAGTTGTGATGTTATA-1,13
AAGTTTACTAATGGCA-1,3
AAGTTTATGGGCCCAA-1,3
AATAACACTAGAACAA-1,0
AATAAGTCCTCGAGAC-1,5
AATAATCTTCGTATCG-1,7
AATACAATGTTTCAGG-1,7
AATAGAACAGAGTGGC-1,5
AATAGAATCTGTTTCA-1,11
AATAGCAAGCCTCCTG-1,0
AATAGTCCGTCCCGAC-1,9
AATATCAAGGTCGGAT-1,4
AATATCGAATCAATGC-1,12
AATCAGACTGCAGGAC-1,13
AATCATGTAAAGACTC-1,10
AATCCAAGGGCCTGAG-1,6
AATCCATGCAAGGGTG-1,4
AATCGCGCAGAGGACT-1,8
AATCGGGACACTACGA-1,3
AATCGTGAGCCGAGCA-1,3
AATGACAGCAATGTCT-1,0
AATGAGTTCGCATATG-1,7
AATGATGATACGCTAT-1,1
AATGATGCGACTCCTG-1,1
AATGCACCAAGCAATG-1,5
AATGGTTCTCACAAGC-1,12
AATGTGCCCGAGGTGT-1,0
AATGTTGTCGTGAGAC-1,13
AATTAACGGATTTCCA-1,9
AATTACTCGTACGCTC-1,2
AATTAGCGCTGCAGCG-1,1
AATTCATAAGGGATCT-1,1
AATTCCAACTTGGTGA-1,2
AATTCCAAGCATGTAC-1,0
AATTCGATTCGAGGAT-1,3
AATTCTAGAGTTAGGC-1,1
AATTGCAGCAATCGAC-1,4
AATTGTGGTTGCCAAA-1,2
AATTTGGGACATAGTA-1,0
AATTTGGTTCCAAAGA-1,6
ACAAACCGACAAGGCG-1,0
ACAAAGCATGACCTAG-1,4
ACAAATCGCACCGAAT-1,6
ACAACGGTCCCTGCGA-1,8
ACAAGGATGCTTTAGG-1,4
ACAATCGATCTTTATA-1,3
ACAATGAATACGGAGA-1,0
ACAATTGTGTCTCTTT-1,12
ACACACTTTCTACACG-1,16
ACACATTGACGCAACA-1,0
ACACCCGAGAAATCCG-1,11
ACACGGCACTATGCAT-1,13
ACACGTAGGCCACAAG-1,3
ACACTCCAATGTCACT-1,7
ACACTGATCAAGGTGT-1,0
ACACTGGGACAGTCGT-1,2
ACAGATTAGGTTAGTG-1,3
ACAGCATAGAGCCAGT-1,6
ACAGCGACATTCTCAT-1,4
ACAGCGCACCCGCAGC-1,5
ACAGGCACGGATCCTT-1,13
ACAGGCTTGCCCGACT-1,10
ACAGGTGGAGGTGAGG-1,0
ACATCCCGGCCATACG-1,9
ACATCGGTCAGCCGCG-1,1
ACATCGTTAACCTAGT-1,9
ACATCTCAACGCGTAA-1,5
ACATGGCTCAATTTAG-1,2
ACATTAGTTTATATCC-1,1
ACCAAACTAGAAATCC-1,5
ACCAACCGCACTCCAC-1,4
ACCAACGCTTATTTAT-1,5
ACCAAGAACGCGTGTC-1,6
ACCAATATGCAAGTTA-1,6
ACCACAACTCAGAACA-1,0
ACCACTGTTCAAGAAG-1,2
ACCAGCCCGGTCTTTG-1,5
ACCAGGAGTGTGATCT-1,3
ACCAGTGCCCGGTCAA-1,0
ACCAGTGCGGGAGACG-1,11
ACCATCGTATATGGTA-1,1
ACCATTAAGGGTGTCA-1,2
ACCCACCTACATGCTC-1,8
ACCCATTTGTCCCTCT-1,4
ACCCGGAAACTCCCAG-1,9
ACCCGGAGCACCACAA-1,2
ACCCGTGTCATCAGTA-1,9
ACCCTATAGGACTGAG-1,3
ACCCTATGCCATATCG-1,0
ACCCTCCCGTCAGGGC-1,13
ACCCTTCATCTGCGAA-1,1
ACCCTTTAGTTCTCCA-1,14
ACCGAAAGGGCCCTGC-1,13
ACCGACACATCTCCCA-1,5
ACCGATAGGCATAACC-1,2
ACCGATATTTAATCAT-1,2
ACCGCAATAACTGCCT-1,6
ACCGCGGTGGAAGTCG-1,8
ACCGGTCTGAGTACGG-1,0
ACCGTTCCCGCTCTGA-1,3
ACCTAAGTACCTTTCA-1,0
ACCTACAGTATGTGGT-1,8
ACCTCCGCCCTCGCTG-1,3
ACCTTTCCTTTAGAAG-1,5
ACGACCCATGAGTTGC-1,2
ACGAGAACCCATCACG-1,4
ACGAGATATTTGCTTA-1,0
ACGATGGATCCGATGC-1,9
ACGCAAACTAATAGAT-1,14
ACGCATACGTTTACTA-1,10
ACGCCAGATGATTTCT-1,1
ACGCCCAGCTGTCGAT-1,5
ACGCGAAGTCAGACGA-1,1
ACGCGCTACACAGGGT-1,1
ACGCTTAGTGTCTCTC-1,0
ACGGAATTTAGCAAAT-1,11
ACGGACTCTCAAAGCG-1,3
ACGGAGCGCAAATTAC-1,0
ACGGATGGTGCGGATA-1,6
ACGGCACTTGCTTGGG-1,1
ACGGCCAACATGGACT-1,1
ACGGCGGGTTGCCCTG-1,4
ACGGGAGTGTCGGCCC-1,0
ACGGGTCATGTGACTT-1,2
ACGTACAGATTTCTCT-1,9
ACGTCCTAAACGAGAT-1,3
ACGTGCGCCTCGTGCA-1,16
ACGTGGTCGAATGTGC-1,0
ACGTTATTGGTCACTC-1,7
ACGTTCCGCGCTCCGT-1,3
ACGTTCGTTCAGGAAA-1,14
ACGTTCTGTACAAGTC-1,4
ACGTTTAGTTGTGATC-1,1
ACTAATACGTCAGGCG-1,0
ACTACGCGTTAGAATT-1,9
ACTAGTTGCGATCGTC-1,12
ACTATCTGCCCGCGTA-1,7
ACTATTCGTCCGTGGT-1,1
ACTATTTCCGGGCCCA-1,0
ACTCAACGAATGTATT-1,4
ACTCAAGTGCAAGGCT-1,4
ACTCAGACCTGCTTCT-1,4
ACTCCCTAATGCTAAA-1,6
ACTCCGGCCGACCACT-1,15
ACTCGATGTATTTCAT-1,2
ACTCGTAACCCGTCCT-1,0
ACTCTCTTATACACGA-1,5
ACTCTGACCTAATAGA-1,13
ACTGAAACGCCGTTAG-1,10
ACTGATTTAGTGATTC-1,0
ACTGCCGTCGTAACTC-1,1
ACTGTATACGCGAGCA-1,4
ACTGTGCTAGTAGATC-1,11
ACTGTTTAGTGTAGGC-1,3
ACTTACCGGGCGCGCA-1,0
ACTTACGCATCCACGC-1,6
ACTTAGTACGACAAGA-1,11
ACTTATCTGATCTATA-1,13
ACTTCAGGCTGATCCC-1,6
ACTTCCATGCGGGACA-1,3
ACTTGCCATATTGTAC-1,3
ACTTGTGGATGGAACG-1,12
ACTTTGTCGACGCACT-1,2
AGAAATTATGACTCGC-1,7
AGAAGGTTGTAGGTCG-1,3
AGAAGTGATTCGTGAT-1,0
AGAATTGTTTGACATA-1,7
AGACAGCTCAGAATCC-1,7
AGACATAGATCCTTCC-1,3
AGACCATGGGATACAA-1,12
AGACCCACCGCTGATC-1,16
AGACCGCTCCGCGGTT-1,7
AGACGAAGTGCCGGTC-1,11
AGACGACGATGCCGCT-1,0
AGACGCCCACTTCGCC-1,2
AGACGGGATTGGTATA-1,0
AGACGGGCCGATTTAA-1,0
AGACTGTTACCGGGTC-1,14
AGAGCAGTTATGAGAC-1,8
AGAGCCGCCGAGATTT-1,3
AGAGCGGGCTAATCAT-1,16
AGAGCGTACAAGCTCG-1,8
AGAGCTACGAAAGCAT-1,2
AGAGGCTTCGGAAACC-1,12
AGAGGTATCTCGGTCC-1,3
AGAGTAAACTTCACTA-1,12
AGAGTTAGAGACCGAT-1,0
AGATACGACTTCATAT-1,10
AGATATAATACGACTA-1,3
AGATCGTGCATAAGAT-1,1
AGATGAGGGTTGCGAT-1,0
AGATGCTATAACGAGC-1,2
AGCAAAGGCCGCTAGT-1,3
AGCAACCGAAAGTAAT-1,0
AGCACTACCTCACCAG-1,6
AGCAGAAGGAGAAAGA-1,3
AGCAGCCAGATGAATA-1,9
AGCATATCAATATGCT-1,12
AGCATTACGAGGCAAG-1,13
AGCCAAGCTTTGTGTC-1,0
AGCCACAGGTTACCCG-1,4
AGCCCGGTAGCCTGTA-1,0
AGCCCTAAGCGAAGTT-1,1
AGCCCTTCTAATCCGA-1,0
AGCCCTTGGACATCCC-1,2
AGCCTTAAAGCGGAAG-1,7
AGCGACAGGAACGGTC-1,0
AGCGATGCGCCTAATA-1,2
AGCGCATAATGAATCG-1,9
AGCGCGGGTGCCAATG-1,1
AGCGCTTATGGGCAAG-1,0
AGCGGACACTTCGTAG-1,9
AGCGGGAAGGGTCCAT-1,10
AGCGGGTCTGACACTC-1,5
AGCGTACGAGAGCTAG-1,2
AGCGTAGCGCTAGACC-1,4
AGCGTCTGAACCCGCA-1,4
AGCTAAGTACGCAGGC-1,15
AGCTAGAAGCAGAAGT-1,3
AGCTATTTAATCCAAC-1,1
AGCTCCATATATGTTC-1,3
AGCTCCTTCGCACATC-1,11
AGCTCTTCCCAGTGCA-1,1
AGCTGAAGTAAACCAA-1,1
AGCTGTAACCTCAATC-1,0
AGCTTATAGAGACCTG-1,3
AGCTTCAATACTTTGA-1,0
AGCTTCTTCTCGAGCA-1,13
AGGAAAGCCTCTGATG-1,2
AGGAACGAACGACTTC-1,2
AGGAAGCTGTCCGCCG-1,5
AGGACATCGCACGTCG-1,10
AGGACGACCCATTAGA-1,7
AGGACGCTCGATGTTG-1,0
AGGAGGCCTTCGCGCG-1,12
AGGATAAAGTCGGGAT-1,1
AGGCAAAGAGGAATCA-1,4
AGGCACGTGACTGTCC-1,2
AGGCAGGGAGCGTACT-1,14
AGGCATTGTCGTAGGG-1,12
AGGCCCAGTGACTGGT-1,2
AGGCCCATTGTACAGG-1,6
AGGCCTATCATACCAA-1,0
AGGCCTGAGAATCTCG-1,4
AGGCGATAACTGGCGT-1,2
AGGCTATGGTTAGCTT-1,8
AGGCTTCCCGAAGAAG-1,0
AGGCTTGCTAGACACC-1,8
AGGGAAACGAGGTACT-1,5
AGGGACAGCACGGCGG-1,3
AGGGACTCTACGCGAC-1,9
AGGGCAGCGGCGTGGT-1,9
AGGGCCCTAATGTTCT-1,2
AGGGCGTGATCGGCTA-1,11
AGGTAACCTCCTATTC-1,10
AGGTACGATATTGCCA-1,16
AGGTCGCCACTTCGGT-1,4
AGGTCGCCTCCCAACA-1,2
AGGTCGCGGAGTTACT-1,1
AGGTGGTGACCTTCGC-1,0
AGGTGTTGCCGACCAC-1,2
AGGTTACACCATGCCG-1,8
AGTAACGTTCATCCTG-1,0
AGTAATGTCTTGCCGC-1,6
AGTACGTGGCCTGTCT-1,14
AGTACTCTTATGCCCA-1,10
AGTAGCGTGAACGAAC-1,5
AGTAGGAAGGAAGTTG-1,0
AGTAGGTAACATACAT-1,6
AGTATACACAGCGACA-1,14
AGTATCCATAATAACG-1,13
AGTATTTGGCACGACC-1,9
AGTCACTAGCTCTCGA-1,10
AGTCACTCCGCCTCAT-1,4
AGTCAGCCACCGCCTG-1,11
AGTCCAGCGGGTACGT-1,13
AGTCCCGCCTTTAATT-1,0
AGTCGGCTCAACTTTA-1,0
AGTCGTATAAAGCAGA-1,3
AGTCGTCGACCACCAA-1,10
AGTCGTGGGCATTACG-1,0
AGTCTCACAAGACTAC-1,0
AGTCTGGACATCCTTG-1,7
AGTCTTTAAAGTGTCC-1,3
AGTGAACAAACTTCTC-1,8
AGTGAGGGTTTCTGAC-1,3
AGTGATAACCTGCGCG-1,4
AGTGATATGAGTAGTT-1,1
AGTGCACGCTTAAGAA-1,12
AGTGCGTAGCTCGTAA-1,1
AGTGCTAAACACAGCA-1,4
AGTGGCGGCAATTTGA-1,1
AGTGGCGTCTGAAGGT-1,4
AGTGTATTGCGCATTG-1,0
AGTGTGCTAAGATCGC-1,2
AGTGTGGTCTATTGTG-1,12
AGTTAAGCGGTCCCGG-1,1
AGTTAAGTCAACCGCT-1,0
AGTTACCGCACATGGT-1,8
AGTTACTCTATCGTGG-1,0
AGTTATTGAAAGGTAA-1,5
AGTTCTGCGTTGTATC-1,3
AGTTGACATCGGCTGG-1,4
AGTTGACGGTCCTTGC-1,0
AGTTGCTGACTGATAT-1,7
AGTTGGCAAGGCTAGA-1,13
AGTTTCGCAGGTCGGA-1,6
AGTTTGCACCTGCCTC-1,6
AGTTTGGCACGGGTTG-1,8
AGTTTGGCCAGACCTA-1,2
ATAAACCATTGGACGG-1,15
ATAAACGTTGCACCAC-1,3
ATAAAGGTCAAGTACG-1,14
ATAAGTAGGATTCAGA-1,1
ATAAGTTACCGCGACG-1,1
ATAATACCGTTAGCCG-1,7
ATAATAGTGTAGGGAC-1,12
ATAATCTTGGAGAACC-1,3
ATAATTAGCTAAGTAG-1,5
ATACAGGCCCTCCAAT-1,6
ATACCAGCAAATTGCT-1,3
ATACCAGGCTAATAGA-1,6
ATACCAGGTGAGCGAT-1,3
ATACCTAACCAAGAAA-1,9
ATACGCCGATCTACCG-1,13
ATACGTACTTAGCCAC-1,6
ATACGTTATGCACGGA-1,5
ATACTACCCGTACCAC-1,4
ATACTCTCGCCACTCT-1,15
ATACTGCCTTACACCG-1,13
ATAGATTTGCAGTCGG-1,5
ATAGCAACTAGGGAAG-1,4
ATAGCCTCAGTACCCA-1,7
ATAGCTGCTCTTGTTA-1,2
ATAGGCGGCTATAGAA-1,1
ATAGGCTAGCTTCGCA-1,1
ATAGTCTTTGACGTGC-1,5
ATATAAAGCGCTCGTG-1,9
ATATAAATGTAGCTGC-1,6
ATATAACACGGGCGCA-1,4
ATATACGCTCGTGACG-1,2
ATATCGTGCCAGACCC-1,0
ATATCGTTCCTCGAAC-1,4
ATATCTCCCTCGTTAA-1,1
ATATTCAGTTAAACCT-1,1
ATATTCCACATAGTGA-1,6
ATATTCCCACAGGTCA-1,6
ATATTGCTGTCAAAGT-1,12
ATATTGGAGAGGCCTT-1,2
ATCAAACACTGTTCCA-1,8
ATCAAACGAAGGTTTG-1,5
ATCACATTAGAATATC-1,1
ATCACGTGCTAATTAA-1,5
ATCAGACGGCACGCCG-1,1
ATCAGCCTCATGCTGC-1,10
ATCAGGTCGCCATTGC-1,0
ATCATAGCCCTATGTA-1,2
ATCATCTGCCCAGTGT-1,14
ATCCAATGGAGGGTCC-1,5
ATCCACATCGACAGAA-1,3
ATCCACGCTAAATGTT-1,14
ATCCAGAGCAACAACC-1,1
ATCCTACCTAAGCTCT-1,1
ATCCTGCGTGGAATGG-1,1
ATCCTGCTGCAGATAG-1,4
ATCGCACGATTGTTCA-1,2
ATCGCCAGTCAACATT-1,8
ATCGGAGACAGACGGC-1,6
ATCGGCAAGCAGTCCA-1,5
ATCGTCCAATCGAGTC-1,2
ATCGTTAGCTAGCGGA-1,4
ATCGTTCACTTTCGCC-1,0
ATCTAACGTCCCTATG-1,2
ATCTAATATCCTACGG-1,16
ATCTAGCTTGTGAGGG-1,0
ATCTCCCACGGAATAT-1,2
ATCTCCCTGCAATCTA-1,1
ATCTCGTGAGCGAAAC-1,7
ATCTGATAGTGTCTTA-1,2
ATCTGGGCTGTTCTTG-1,5
ATCTGTAATTGTACCC-1,6
ATCTTATCGCACACCC-1,4
ATGACGCCGGCTCTAA-1,6
ATGACGCGTTCTATCC-1,0
ATGATCGGGAATAGAC-1,6
ATGCATTCCGTGATGG-1,3
ATGCCAATCGCTCTGC-1,0
ATGCCGGTTGATGGGA-1,1
ATGCGAGTCCCACCAC-1,8
ATGCTCAGTGTTGCAT-1,7
ATGCTCTGGCGCGGTA-1,3
ATGCTTAGGAGTTGAT-1,3
ATGGATCCGGCGTCCG-1,1
ATGGCTGGAAATGGCC-1,0
ATGGGAACGGAAGCGG-1,14
ATGGTGCTCAAAGCCA-1,3
ATGTACATGCGGTGAG-1,2
ATGTACGATGACGTCG-1,0
ATGTAGCGCGCGTAGG-1,3
ATGTGTAGTTTAGTCA-1,3
ATGTTACGAGCAATAC-1,11
ATGTTCCTGCCCACCT-1,2
ATGTTGATTAGAGACT-1,15
ATTAATTCGGTCACTC-1,1
ATTACAACTACCGGCC-1,3
ATTACATGTCAGTCTT-1,7
ATTACCACACTGCCTG-1,7
ATTACGCGCTGGCAGG-1,1
ATTACTAGCCTCTTGC-1,11
ATTACTTACTGGGCAT-1,5
ATTAGATTCCTCAGCA-1,1
ATTATACTTTGCTCGT-1,1
ATTATCTCGACAGATC-1,3
ATTATTATGTCCGTCA-1,0
ATTATTCAGAGTCACT-1,13
ATTCAAAGTACCTGTT-1,2
ATTCAACCATTTAAGG-1,4
ATTCACTGATGTTGGA-1,6
ATTCAGGACCTATTTC-1,3
ATTCATCGTTGAGGCA-1,4
ATTCCCACATAAACAA-1,8
ATTCCTAAGACGTGGA-1,0
ATTCCTTCCAGGCGGT-1,5
ATTCGCGCCTTGAGAG-1,2
ATTCTCGTCTCTTTAG-1,6
ATTCTGAGTATGAACT-1,14
ATTCTTCGTACTTATG-1,3
ATTGACGTAACTCGGT-1,9
ATTGATAGCAACGAGA-1,3
ATTGCCTTTATGTTTG-1,3
ATTGCGATCAGTAACT-1,12
ATTGGATTACAGCGTA-1,12
ATTGGGAATATCTTGG-1,6
ATTGTCGCAATACCTT-1,1
ATTGTTCAACGATCCG-1,2
ATTTAACTCGTATTAC-1,6
ATTTCATTATTTCGCG-1,1
ATTTCCGGGTTCTGCG-1,0
ATTTGCCTAGTTACGA-1,3
ATTTGCGCGAGTAGCT-1,0
ATTTGTTCCAGGGCTC-1,1
CAAACGAGTATCGCAG-1,1
CAAACGTGGTCTTGCG-1,0
CAAACTACGATAGAGA-1,5
CAAACTATTGAGCTTC-1,9
CAAACTCGCGACGCCG-1,8
CAAAGATTATTGGGCC-1,0
CAAAGTCAGGTTAGCT-1,2
CAAATGCGGAGTGTTC-1,3
CAAATTGTCAGCAAGC-1,1
CAACAGTGCCAAACGG-1,5
CAACATGGCCTGATAA-1,2
CAACCAGTGGCCTACC-1,2
CAACCGCACCTAGACA-1,2
CAACCTACCGAGCAGT-1,4
CAACGACCCGTTTACA-1,11
CAACGGTTCTTGATAC-1,12
CAACGTGGTGGAGTCT-1,7
CAACTATATCGAATGC-1,1
CAACTCCAACGTTTAG-1,14
CAACTCCTTGATCCCG-1,11
CAACTGCTCATCCGAT-1,9
CAACTTGTAGTGGGCA-1,4
CAAGCGGCACATAATT-1,6
CAAGGCCAGTGGTGCA-1,13
CAAGTGAACTTTGGTT-1,3
CAATACGAGAGTCTGA-1,8
CAATATTCTTGACCTA-1,0
CAATATTGGACTAGTG-1,2
CAATCCCTATACCAGC-1,5
CAATCCTGCCGTGGAG-1,3
CAATGCGAGAAGTATC-1,6
CAATGGAATCTACATA-1,0
CAATGGTCGGCCTGGG-1,3
CAATTTGACCGGGAAG-1,2
CACACACGCTAACGAG-1,11
CACACAGCTTGCGCTC-1,7
CACACAGGGATAGATT-1,8
CACACGTTTCAATGGG-1,14
CACAGGGCCATATAGT-1,4
CACAGGGCCGTTGTCA-1,9
CACAGTCCCGCTTCGC-1,2
CACAGTTCGCTTCCCA-1,7
CACATAAGGCGACCGT-1,7
CACATCTCACCGACGA-1,6
CACATGTTTGGACATG-1,2
CACATTCTTTCGATGG-1,1
CACATTTCTTGTCAGA-1,8
CACCATCGGAGGAGAC-1,6
CACCATGATCGCAAAG-1,0
CACCCACACGTCACCC-1,11
CACCCACGAGGCAATT-1,1
CACCCGGTTTGTGACT-1,0
CACCCTAACAAGATCT-1,6
CACCCTTTCCTCGCTC-1,4
CACCGATACACCGAGC-1,3
CACCGCCGACCAGCGA-1,9
CACCGCGTCCACTCTA-1,0
CACCGGAGATATCTCC-1,0
CACCGTATCCCATCCG-1,12
CACCGTTAGGGATCAC-1,0
CACCGTTGCGCGATAT-1,0
CACCTAATAGAGTCGT-1,12
CACCTCGATGGTGGAC-1,16
CACGACTAAAGTTCTG-1,3
CACGATTGGTCGTTAA-1,3
CACGGCGCGCCAAAGG-1,0
CACGTCAATCAATGGA-1,2
CACGTCGGCAACCTCT-1,5
CACGTCTATGATGTGG-1,0
CACGTTTCGTACACAC-1,10
CACTACGGGAGCTGCC-1,15
CACTACTCAGTTCTGT-1,5
CACTCAGCTCTTGAGG-1,9
CACTCCTATGTAAGAT-1,0
CACTCCTCTCGGTCGG-1,0
CACTCTTCTGCTAGCC-1,4
CACTGTCCAAGTGAGA-1,11
CACTTCGCCACAGGCT-1,12
CACTTCGTCTTATCTC-1,2
CAGAACTTAGCCCTCT-1,6
CAGAATAACACACGGA-1,7
CAGACACCGATCGCTG-1,0
CAGACGAACCTGATAC-1,1
CAGAGACGGTCACCCA-1,1
CAGAGGCGATGCATGA-1,5
CAGAGTGATTTAACGT-1,9
CAGATAATGGGCGGGT-1,13
CAGCAGTCCAGACTAT-1,12
CAGCAGTCTGTGCTGC-1,3
CAGCCCTCACAGGCAG-1,3
CAGCCGGGCCCTCTAT-1,3
CAGCCTCGATAGCGGT-1,2
CAGCCTCTCCTCAAGA-1,0
CAGCGATTCCCTTCAA-1,0
CAGCTCGTGCTTGTGT-1,10
CAGCTGGCGTAACCGT-1,0
CAGGAAGACTTTATAT-1,5
CAGGATCCGCCCGACC-1,3
CAGGCAGTCTTACCAG-1,3
CAGGCGCACGGTGGTC-1,0
CAGTAACTATTTATTG-1,3
CAGTAATCCCTCCCAG-1,7
CAGTACATTCTCTAAA-1,5
CAGTAGCGAGGTAGTA-1,13
CAGTCGAGGATGCAAT-1,1
CAGTCTCTCGGCTAAT-1,4
CAGTGGTTGCACATGA-1,7
CAGTGTCCGCAGAATG-1,10
CAGTGTCGGCTGGCCC-1,10
CAGTTCCGCGGGTCGA-1,8
CAGTTCGAGGACCCGA-1,0
CATAATGAGCGGGCGA-1,3
CATACAAAGCCGAACC-1,4
CATACACGGTTCCCAC-1,9
CATACGGGTGCATGAT-1,2
CATAGAGGAGATACTA-1,15
CATAGCCGCCCGGGAT-1,8
CATAGCGTTGCCCACC-1,0
CATAGTACATTGAGAG-1,1
CATAGTAGCATAGTAG-1,11
CATAGTCAAATACATA-1,4
CATAGTCCACAAGAAC-1,5
CATATACTACTGATAA-1,0
CATATGTCAGGCTACG-1,0
CATATTATTTGCCCTA-1,9
CATCAACACCTACTAA-1,2
CATCATCTACCCGGAC-1,1
CATCATTACCCTGAGG-1,10
CATCCGCAGGCCCGAA-1,7
CATCCTCTCAAAGATC-1,10
CATCGAATGGATCTCT-1,13
CATCGCCCGCGGCCAA-1,10
CATCTATCCCGTGTCT-1,0
CATGAACCGACATTTG-1,4
CATGAACCTCTTATCA-1,5
CATGAGATGCACTCTC-1,3
CATGATCGCTTTGAGA-1,2
CATGATGCACAATTCT-1,6
CATGATGGAAGTTAGC-1,8
CATGCACGTGTTACTG-1,0
CATGCATGGAGACCCT-1,5
CATGCGACCAGTTTAA-1,1
CATGCGTTAGACAGAA-1,16
CATGCTGGCTCCAATT-1,6
CATGGATTGTCTTCCG-1,10
CATGGGTATGCCTTAT-1,6
CATGGGTCGGGTGTGG-1,1
CATGGTTTATTAATCA-1,13
CATGTAAGAGACATTT-1,10
CATGTCTCATTTATGG-1,11
CATTATAACAGGGTCC-1,5
CATTCACTGACAGCTA-1,3
CATTCAGGTCAGTGCG-1,13
CATTCCCTAAGTACAA-1,3
CATTCGTCGTAGCGGT-1,2
CATTGCAAAGCATAAT-1,0
CATTGTGTGCTAGATC-1,2
CATTTATCGTTCAAGA-1,14
CATTTCTAGCAGACTA-1,11
CATTTGAGTGGTACGT-1,1
CCAAAGCAGTTGGTTG-1,2
CCAAAGTCCCGCTAAC-1,4
CCAAATAACAAGATTC-1,7
CCAACGCTTGCCAGGG-1,0
CCAAGAAAGTGGGCGA-1,1
CCAAGCTTGATCTCCT-1,14
CCAAGGAACAGAGAGG-1,6
CCAATCGGTAGATCGA-1,5
CCAATTACGGGTCGAG-1,1
CCACAGCTGAAATCAT-1,4
CCACAGTACCCATCCT-1,11
CCACATACTGCACCCA-1,7
CCACCAACTTTACTGT-1,0
CCACCTGTATGGAATA-1,2
CCACGAGAAGAGAATC-1,1
CCACGGAGCCATAAGA-1,0
CCACTAAACTGAATCG-1,2
CCACTGTTTGGATTAA-1,15
CCAGAAAGCAACTCAT-1,0
CCAGAGACAAAGCCGG-1,8
CCAGCTACGCCTCATA-1,4
CCAGCTCGAACGCATT-1,5
CCAGCTTCCGCCCGCA-1,8
CCAGGCTGGCGTCTGA-1,2
CCAGTCCATTATTCGA-1,2
CCAGTCTTGTCATAGA-1,9
CCATAAACAACCCGAC-1,1
CCATAGTCAGTAACCC-1,7
CCATATGGAAACTATA-1,12
CCATATTGGATCATGA-1,2
CCATCCATACCAAGTC-1,10
CCATCGCAGTTAAACT-1,1
CCATCTTGTTCACAAT-1,4
CCATGCCCTAGATTTC-1,10
CCATTTCTACCTATTA-1,6
CCCAACATACGTCGCG-1,1
CCCAACCACACTAACA-1,9
CCCAAGACAGAGTATG-1,3
CCCAAGTCATTACACT-1,13
CCCAATGAGATTTGCA-1,14
CCCAATTTCACAACTT-1,1
CCCAGAGGAGGGCGTA-1,5
CCCAGGTCTGAAGGCT-1,7
CCCATATAGGTCGATT-1,2
CCCGACCATAGTCCGC-1,1
CCCGAGTTTCTCCGTA-1,12
CCCGCAGCGCGAACTA-1,16
CCCGCAGGGCCCAAAG-1,9
CCCGCCATGCTCCCGT-1,11
CCCGCGCAATGCACCC-1,7
CCCGCTTGCCCTCGTC-1,15
CCCGGGTCGTTCAGGG-1,0
CCCGGTGGAAGAACCT-1,8
CCCGTGGGTTAATTGA-1,2
CCCGTTTCGCAGATGT-1,12
CCCTAGTGTCAGGTGT-1,2
CCCTCATTCTGGAATT-1,10
CCCTCCTCGCTCGTAT-1,7
CCCTCGGGAGCCTTGT-1,3
CCCTGATGTAACTCGT-1,2
CCCTGGTATGGGCGGC-1,5
CCCTGTTGGCAAAGAC-1,2
CCCTTCTCGTACGCGA-1,4
CCCTTTAATGGAGTTC-1,2
CCCTTTGACAGGTCTT-1,1
CCGAAAGTGGTGAGCA-1,12
CCGAAGTATATTGTTC-1,7
CCGACAAACACATGAG-1,7
CCGACAATAGGCCGCC-1,3
CCGACGTAAACACAAC-1,0
CCGACTCGCATAGTCT-1,5
CCGAGAAGTCGCATAA-1,8
CCGAGGGATGTTAGGC-1,3
CCGCATGTGGTACGAT-1,9
CCGCCACCACAATCCA-1,3
CCGCCGGTCAACACAC-1,6
CCGCCGTTGAGGATAA-1,8
CCGCCTGCGAATTGGT-1,0
CCGCGGAATGCGTCAC-1,0
CCGCTCTTCCGAACTA-1,4
CCGCTGGTGCCATTCA-1,9
CCGCTTACCTCACTCT-1,5
CCGCTTCGCGGTTAAC-1,4
CCGGAATGGTTTCAGT-1,8
CCGGAGCGTACTTTCT-1,9
CCGGCGCATATTGGAT-1,6
CCGGGACCCGCAGAGA-1,6
CCGGTGCGAGTGATAG-1,2
CCGGTTTGTAATTGTG-1,0
CCGTACCCAAGCGCCA-1,4
CCGTAGGAAATCCCTG-1,4
CCGTAGGGTTGTTTAC-1,4
CCGTATCTCGTCGTAG-1,0
CCGTATTAGCGCAGTT-1,0
CCGTGCCCATGACGGC-1,6
CCGTGGAACGATCCAA-1,1
CCGTGTTAAATTCCAT-1,5
CCGTTACGTTAGAACA-1,1
CCTAAACAGGGTCCGT-1,3
CCTAAAGGCTGACGCT-1,1
CCTAAATTGTATCCTA-1,7
CCTAACCCAAACAAGT-1,11
CCTAACTAAGGCTCTA-1,1
CCTAAGTGTCTAACCG-1,13
CCTACATTCACAGACG-1,0
CCTACGCGACCTTACA-1,0
CCTACGGCTCAGTCGA-1,12
CCTACTCAACACGATT-1,2
CCTAGTTAGTCGCATG-1,1
CCTATAATGAGTGCCC-1,6
CCTATACCGTCCTGTC-1,5
CCTATATTTGTCCTGG-1,0
CCTATCTATATCGGAA-1,1
CCTATGTCCACTCCAC-1,4
CCTCACCAATCTTGAC-1,12
CCTCACGTCAGCTAAT-1,2
CCTCATGCAGCTACGA-1,4
CCTCCCGACAATCCCT-1,9
CCTCCTGTTGTGTCGT-1,4
CCTCGAAGTGGACGGG-1,1
CCTCGACCCACTGCCT-1,5
CCTCGCGCGATATAGG-1,1
CCTCGCGCTGTGCGAT-1,9
CCTCTGGCCTAGACGG-1,1
CCTCTGTACTATTCTA-1,1
CCTGACGCAACCTTTA-1,14
CCTGCGATAGAACTGT-1,2
CCTGGTCGAATGTGGG-1,9
CCTGTGCATAGGAGAC-1,2
CCTGTGCGGATTGTAA-1,0
CCTGTTCAACCTCGGG-1,0
CCTGTTTGAAGACACG-1,4
CCTTCAGTTAAAGTGA-1,14
CCTTCGTATAGAATCC-1,0
CCTTCTTGATCCAGTG-1,1
CCTTGACCACTTTATT-1,6
CCTTTAAGGGAGCACT-1,14
CCTTTCAATGAAGAAA-1,1
CGAAACATAGATGGCA-1,9
CGAAACGCAATTCATG-1,1
CGAACAGTATGGGCGT-1,12
CGAACATAGTCAGAAA-1,0
CGAACCCGCATGCGTC-1,1
CGAACGCCCAGTGCCG-1,1
CGAAGACTGCCCGGGA-1,3
CGAAGCTATAAATTCA-1,0
CGAATGACGCATAATG-1,9
CGACATGCGATCTTCT-1,9
CGACTCAGGATGTTAT-1,1
CGAGAGCTTTCACTAC-1,4
CGAGAGGGTAGCCGCG-1,13
CGAGATGTTGCCTATA-1,13
CGAGATTTCGCTCGGG-1,8
CGAGCACTTCAAGTTT-1,8
CGAGCGTTGATCAGCC-1,10
CGAGCTGGGCTTTAGG-1,16
CGAGGCCAGGCATTGG-1,3
CGAGGGTATCCAGGTG-1,9
CGAGTACTAAAGAGGA-1,5
CGAGTGAAGGTACCAG-1,0
CGAGTGCTATAGTTCG-1,10
CGATAATACTCAGGTT-1,8
CGATAGTCGTACTGCA-1,15
CGATATTAGCCGCAGG-1,4
CGATCTGTTGGAGGAC-1,0
CGATGGACCCTACGCC-1,1
CGATTAAATATCTCCT-1,9
CGATTCGCCTGGCTGC-1,6
CGCAATTACTTTCGGT-1,8
CGCAATTCTACAATAA-1,8
CGCAGAAACATTTGCG-1,3
CGCAGGCGATCCAAAC-1,12
CGCATCATGGCTTCAG-1,3
CGCATGCCGAATGCGT-1,15
CGCCAATTATTGCGTT-1,2
CGCCACCCGCATTAAC-1,2
CGCCCAGCACGCCTAG-1,9
CGCCCAGCGTTTCACG-1,4
CGCCCGCTTCCGTACA-1,1
CGCCCTTGAAGGCTGA-1,8
CGCCGTTCAGCATAGT-1,4
CGCCTGGCCTACGTAA-1,1
CGCCTTTAGCATGCTC-1,8
CGCGAAGTGGCATACT-1,4
CGCGACCGCGACAGAT-1,5
CGCGAGAGGGACTTGT-1,0
CGCGCAAGGAACTACA-1,4
CGCGCATGTTTGATTG-1,1
CGCGGCAGTATTACGG-1,2
CGCGGTACGGTATACA-1,2
CGCGGTCACAAACCAA-1,0
CGCGTCATATTAAACC-1,3
CGCGTGCTATCAACGA-1,4
CGCTACCGCCCTATGA-1,15
CGCTATACCGCCCACT-1,10
CGCTATTCAATGTATG-1,12
CGCTGAGGACGTCCAA-1,4
CGCTGGTGACTACCCT-1,11
CGCTGTGTGGATGTTG-1,14
CGCTTATTCCCGGTCG-1,8
CGCTTCCACTGAAATC-1,11
CGCTTCGGTCTAAGAC-1,2
CGCTTGGACGGATAGA-1,2
CGCTTTCATACCGGTG-1,6
CGGAAAGAATCAAACG-1,5
CGGAAATTTCACATCC-1,14
CGGAACGTAAACATAG-1,1
CGGAGCAATTTAATCG-1,1
CGGAGCTTATAACACC-1,3
CGGATAAGCGGACATG-1,7
CGGATCCTCAAGGACT-1,3
CGGCAAACATCGTGCG-1,1
CGGCAATAAGATCGCC-1,12
CGGCACCGTTAGCGCC-1,5
CGGCACTCAAGAAAGT-1,10
CGGCCAGAGCGACCAT-1,0
CGGCGCCATCAATCCC-1,4
CGGCTCTAAAGCTGCA-1,8
CGGCTCTTCGTCGAAC-1,5
CGGCTGCAAGATTAAG-1,5
CGGCTTTGTATGATAA-1,3
CGGGAATATAGTATAC-1,8
CGGGAGCTTCAGTGTA-1,11
CGGGAGTATACCGCCG-1,7
CGGGCCATAGCCGCAC-1,3
CGGGCGATGGATCACG-1,5
CGGGTTGTAGCTTTGG-1,13
CGGGTTTGTTAGGGCT-1,7
CGGTAGAGGTGCAGGT-1,1
CGGTATAGGTATTAGC-1,0
CGGTCCGTCGCAAGCC-1,0
CGGTCTATCAACCCGT-1,1
CGGTGCAGATAGAACG-1,1
CGGTGCGCGTTGGTCC-1,0
CGGTGGGCTCCAGCCT-1,0
CGGTGTACTTGATCCC-1,12
CGGTTCAAGTAGGTGT-1,1
CGGTTCCGGCTTCTTG-1,4
CGGTTGGGTTCAAGTT-1,0
CGGTTTATGAAGGAAC-1,0
CGTAAACGCTTGAGTG-1,3
CGTAATAATTACGAGT-1,2
CGTACCGAAAGTCTAG-1,2
CGTAGAGAGTAATTAT-1,15
CGTAGCGAATTGTCAG-1,1
CGTAGCGCCGACGTTG-1,3
CGTATCTAGAACTAAG-1,2
CGTCAATCTTTAACAT-1,2
CGTCACGTCCATTGGT-1,1
CGTCAGCTATTTACTC-1,2
CGTCAGTGCGCACAAG-1,6
CGTCAGTTTATCGTCT-1,3
CGTCATACCATATCCA-1,7
CGTCGCATGTGAGCCA-1,3
CGTCGCGGCGGGATTT-1,2
CGTCGTCCTTCGCGAA-1,6
CGTCTGGAAGGGCCCG-1,16
CGTGACATTGGGTCGT-1,1
CGTGACCAGTCCTCTG-1,0
CGTGCATTGTCGACGC-1,1
CGTGCCCGACATTTGT-1,3
CGTGCTGGCCTAGTCG-1,2
CGTGGAAGCCTCGTAC-1,7
CGTGGCCGAATATCTA-1,8
CGTGTATGGGAGCTGA-1,2
CGTTAAACTAGTTAGG-1,7
CGTTAATGTCCCGACG-1,4
CGTTAGCTCACAACTG-1,0
CGTTCAGACCCGCGAA-1,0
CGTTGAATACCGCGCT-1,6
CGTTGAGTAATTGCGT-1,0
CGTTGTAAACGTCAGG-1,7
CGTTGTCGGCAATTGA-1,5
CGTTTAAGCGGAGCAC-1,6
CGTTTCACTTCGGGCG-1,1
CGTTTGGTGTTGTGGG-1,2
CGTTTGTGTAGAGGGT-1,0
CTAAACGGGTGTAATC-1,15
CTAAAGTCCGAAGCTA-1,13
CTAACTGATAATCGCC-1,4
CTAACTGGTCCGGTTC-1,0
CTAATTTCAACAACAC-1,12
CTACAAGAAATAACCC-1,0
CTACACTAGCTTGTTC-1,4
CTACACTCGCAGATGG-1,4
CTACGAACTAGGTCGA-1,5
CTACGCCATTTCCGAT-1,5
CTACGTGTTGCCACCA-1,2
CTACTCAAGGTATAGT-1,14
CTAGACATATATGTAG-1,0
CTAGACTGCATTTCGT-1,0
CTAGATAAACTCCTCG-1,2
CTAGCAACTAATTTAC-1,4
CTAGCCACAGGCGAGC-1,2
CTAGCCGATGTTATGA-1,1
CTAGGCGCCCTATCAG-1,11
CTAGGCGGCAGAGAAT-1,13
CTAGGTTCGGACGTGA-1,6
CTAGTAGAAAGGGATT-1,3
CTAGTATTCGGAATTA-1,1
CTAGTTACAACCCGGT-1,1
CTATAAGAGCCAATCG-1,1
CTATCGACGAAATACA-1,10
CTATCGCGTAGAGAAC-1,2
CTATGCCCGAATGCAA-1,9
CTATGGGAAGCGGAAT-1,12
CTATGTCTATTGAAAC-1,6
CTATTCATGTGTCCCA-1,1
CTATTGTGTTTGGTCA-1,0
CTCAACTAACCCGGAT-1,5
CTCAAGACATTAGCGC-1,0
CTCACATTTACTAAAT-1,5
CTCACTGTGATACTTA-1,3
CTCAGGACTCACCTGT-1,11
CTCAGTCACGACAAAT-1,1
CTCATGGCTCACAATC-1,16
CTCATGGTAATTTGCG-1,0
CTCATTGCTCTAACAA-1,3
CTCCCAATGAGTCGCG-1,7
CTCCGCCCACATGAGG-1,1
CTCCGGCTTGTAGACA-1,7
CTCCTAAGTTATGTCT-1,4
CTCCTCCAGCTCACAC-1,0
CTCCTGTTCAAGGCAG-1,7
CTCGAGATCCAAAGCA-1,2
CTCGATATTTGCGAGC-1,1
CTCGCCGAATGTAGGG-1,9
CTCGGGCATCGTCGGG-1,5
CTCGGTCCGTAGCCTG-1,11
CTCGTCTGTGCCTTCG-1,3
CTCGTTTCTAATGTTT-1,5
CTCTAGCCCTCGGAAA-1,4
CTCTCGATGTGCGCCT-1,3
CTCTGCGAAGCAAGCA-1,6
CTCTGTGCCTGCTATG-1,3
CTCTGTTTGAGGATTC-1,1
CTCTTCTATTGACTGG-1,8
CTCTTCTGGAAGTTAG-1,14
CTCTTGTCCCGCTTGG-1,1
CTGAATCCGAGACCTC-1,1
CTGAATTTATTGCCAG-1,5
CTGACATAGAAATAGA-1,7
CTGAGAAAGTTCGGCG-1,7
CTGAGAGTAGAAATAC-1,2
CTGAGCAAGTAACAAG-1,11
CTGCAAATGGGCTCCA-1,3
CTGCAAGCACGTTCCG-1,2
CTGCACCTGGAACCGC-1,6
CTGCACTCCAGTACAG-1,16
CTGCAGAGAATCAGAG-1,4
CTGCAGGTGCTCGGCC-1,2
CTGCCTAGCCACCAAG-1,0
CTGCCTTTCTAGTAAA-1,4
CTGCGGTAGTCACGTG-1,0
CTGCGTTACGATATAA-1,0
CTGCTGAGGCCACGAA-1,5
CTGCTGTCTAACGAGC-1,7
CTGCTTGGCGATAGCT-1,6
CTGGAAGACACGGTGG-1,11
CTGGATTTACACTTGA-1,1
CTGGCATCCGAATGAG-1,0
CTGGCGACATAAGTCC-1,1
CTGGCGGGAATAAGTA-1,7
CTGGCTCCTGCGGGAT-1,4
CTGGCTGCTAACGTAA-1,4
CTGGCTGGTTGTCAGT-1,9
CTGGGATCGCCCAGAT-1,3
CTGGGCCTGCTATATC-1,5
CTGGGCGGCCAAATGT-1,5
CTGGTAAAGTGTGGGC-1,2
CTGGTCATTCCAATCC-1,7
CTGGTCCTAACTTGGC-1,5
CTGGTTCAACGCATCA-1,4
CTGTAGCCATCTCACT-1,5
CTGTATGGTGTAGAAA-1,12
CTGTCACGCCAGGCGC-1,0
CTGTGGTCGGGAGATA-1,10
CTGTTACCCAATCTAG-1,1
CTGTTCATCTCACGGG-1,8
CTTAACTTCGAAGTAC-1,6
CTTACACTGGGAAATA-1,6
CTTAGTGTAGTAGCAT-1,3
CTTATAGATGGCTGTT-1,2
CTTATGTTGACTACCA-1,11
CTTCAACTCCACTTGG-1,3
CTTCATAGCTCAAGAA-1,12
CTTCCGCTCCGTGAAG-1,5
CTTCGATTGCGCAAGC-1,15
CTTCGGCCAATTGTTT-1,7
CTTCTATGTTGAAGTA-1,5
CTTCTATTAATGCTAG-1,1
CTTCTTACGTCGTATA-1,6
CTTGACCCGAAAGATA-1,6
CTTGAGGTTATCCCGA-1,3
CTTGCCCACCCACGCA-1,13
CTTGGCCAAGCTGGGA-1,9
CTTGTCAACATTCGAG-1,16
CTTGTCGTACGTGTCA-1,13
CTTGTGAGGACAGCGG-1,2
CTTGTGAGTCTTTGAC-1,4
CTTGTGCTCACCGATT-1,1
CTTGTTTATGTAGCCA-1,12
CTTTAATATTGGTCGA-1,6
CTTTACCGAATAGTAG-1,11
CTTTCTGTGCGGGCTT-1,1
CTTTGCATCGCTCTTG-1,10
CTTTGGGATTGTTGCA-1,14
GAAACAGCCATGCAGT-1,6
GAAACCTATACAAATG-1,9
GAAACTCTAATGAAGG-1,1
GAAAGCAGTGCACTTT-1,9
GAAAGTGACTAACTGC-1,8
GAAATACCTGCTGGCT-1,0
GAAATACTAAACGTTT-1,7
GAAATCGCGCGCAACT-1,16
GAAATGGGATGTAAAC-1,3
GAAATTAGCACGGATA-1,0
GAAATTCACATCGCTG-1,6
GAACAACTGGGATGAA-1,15
GAACAGATTACTAAAT-1,6
GAACCATCTGGGAGAC-1,3
GAACCCTCTGTGTTCT-1,9
GAACCTTTAACGATCC-1,3
GAACGCGGGTCACACG-1,7
GAACTGTGGAGAGACA-1,3
GAAGAACGGTGCAGGT-1,10
GAAGACTTCAATGCCG-1,3
GAAGCAAGGCAATGTT-1,15
GAAGCCACTGATTATG-1,3
GAAGCCTGCACATTCC-1,9
GAAGGACTAAATTGAA-1,2
GAAGGAGTCGAGTGCG-1,0
GAAGGGCATAACCATG-1,2
GAAGTCAGTTGCACTA-1,1
GAAGTGCTGGATAGCT-1,6
GAATAGCATTTAGGGT-1,8
GAATAGCCCTGCGGTC-1,0
GAATATTCGGAGTCCC-1,5
GAATCGCCGGACACGG-1,10
GAATCTATACTCGGAC-1,5
GAATGCCGAAATGACC-1,7
GAATGCGAATCGGTTC-1,3
GAATGTATGGCAGGTC-1,0
GAATTATGCAACCTAC-1,0
GACAAGAGATGAGATT-1,2
GACACGAGTTAGAGGA-1,7
GACACTGAGTTCAGTG-1,1
GACACTGGAACCCGAT-1,7
GACATCCGTCGAACTG-1,3
GACATCGATTTATAAC-1,1
GACCAAACGTTGACTG-1,3
GACCAGGTCATTCATA-1,5
GACCCGTCGCCGGCTA-1,6
GACCGACCGCTAATAT-1,2
GACCGCGTCTGACGTG-1,7
GACCGTCAGGTCGTGA-1,5
GACCTTCCACGTCTAC-1,3
GACGACGATCCGCGTT-1,16
GACGACTTTCCAAGAA-1,2
GACGAGGCTAATAAAC-1,10
GACGCCGTAAAGGCTA-1,9
GACGCCTGTTGCAGGG-1,4
GACGGACCGCGTTCCT-1,3
GACGGGATGTCTTATG-1,4
GACGGGTTGGCCCGTA-1,14
GACGTGAGACTCCATG-1,4
GACTAACACAGCACCT-1,0
GACTACAATTGCTCGT-1,0
GACTAGGCCGTTAGGT-1,3
GACTCCTTCCAATTGA-1,0
GACTCGGTCGGCGGAT-1,0
GACTGATTGGTCACAA-1,0
GACTGCAAATCGAGCT-1,3
GACTGCGGCACGTGTA-1,8
GACTGGGCGCCGCAAC-1,0
GAGAAACTGGATCCCA-1,2
GAGAACGGTTCTGACT-1,13
GAGACTTCGCGACCGA-1,1
GAGAGGCCTATGTGTA-1,2
GAGAGGTGCATTCTGG-1,5
GAGATGGGAGTCGACA-1,6
GAGCACCTGTGTCCAG-1,6
GAGCATCATCCCTGGG-1,10
GAGCCACGGTAGTAGG-1,4
GAGCCAGCTACCTGTG-1,10
GAGCGAGGGAGTACCG-1,6
GAGCGCAAATACTCCG-1,7
GAGCGCGCACGAGTAG-1,11
GAGCGCTATGTCAGGC-1,14
GAGCGGAATGCGGTGT-1,0
GAGCTCTCGGACCTAA-1,10
GAGGAGATCCTCATGC-1,2
GAGGAGTAATTCCTAC-1,3
GAGGCCTGTTGATACA-1,2
GAGGGCATCGCGTATC-1,4
GAGGTACATCCATCTT-1,1
GAGGTACGCGTGTCCC-1,3
GAGGTCCCAAAGATCT-1,12
GAGGTCTTAGTGGGTC-1,0
GAGTAAACCGGAAAGT-1,7
GAGTACGGGTATACAA-1,10
GAGTAGATACTAGTTG-1,5
GAGTATCAAAGTTACA-1,2
GAGTATGCCCGCCTTG-1,0
GAGTATGCGCGTGCAT-1,3
GAGTCAGACCAGAATC-1,5
GAGTGTCAACCAGAAA-1,3
GATAAATCGGTGGATG-1,10
GATAAGGCAGATGCAA-1,4
GATACGATGGGAGTCA-1,1
GATAGGTAACGTTGAC-1,1
GATATCAGTATGTATC-1,2
GATATCTCATGCAATA-1,6
GATATGCGGTAGCCAA-1,1
GATATGGATTACGCGG-1,8
GATATTTCCTACATGG-1,1
GATCCTCGACACTGGC-1,0
GATCCTCTTGCGCTTA-1,0
GATCGCTACCCGATTT-1,12
GATCGGCGATAAGTCG-1,7
GATCTCGACGCTGTGG-1,7
GATCTGCTATCTAAGG-1,9
GATGACAAGTAGGGCA-1,0
GATGAGGAACCTTCGG-1,3
GATGATTTGAAACTGG-1,13
GATGCCACACTACAGC-1,4
GATGCCAGCAGAAGGC-1,7
GATGCTACAAGCGCCT-1,6
GATGGCGCACACATTA-1,12
GATGGTGCCCTAGGCA-1,9
GATGTCCGGATCACAT-1,4
GATGTCGGTCAACTGC-1,9
GATGTGTTGTCACAAG-1,14
GATGTTTGTGCGAGAT-1,12
GATTAACCGAAAGCCC-1,10
GATTAATCCTGGCTCA-1,13
GATTACTGAATTTGGG-1,1
GATTCCGCGTTTCCGT-1,1
GATTCCTATACGGCGC-1,8
GATTGACACTCTGCTC-1,3
GATTGGGAAAGGTTGT-1,3
GCAAACCTTGGCCATA-1,9
GCAAACGTCGCCAGGT-1,7
GCAACAGCAGTATGCG-1,8
GCAACCACCAGACCGG-1,0
GCAACCACGGCCGCGT-1,5
GCAACGGCTAGTTATG-1,8
GCAAGAATTCCTTGGC-1,5
GCAAGATGTGTTCGCG-1,2
GCACAAACGAGGCGTG-1,8
GCACAAGTGTCGGAAG-1,6
GCACACACTGGTAGCC-1,10
GCACCTTCCCGAAGGT-1,2
GCACGCCTACTTAGAT-1,0
GCACGTGGTTTACTTA-1,2
GCACTAGTCGCGCTAT-1,10
GCACTCCCACAGTCCC-1,3
GCACTGCCTACCTTTA-1,3
GCACTGTGCAAATGTA-1,4
GCAGAAGGTAATCTCC-1,7
GCAGATCCATAAGACT-1,11
GCAGATCCTCGCAAAT-1,7
GCAGCGGTGGGCATTA-1,4
GCAGGTAGAGTATGGT-1,1
GCAGTGTGGCTATAGG-1,5
GCAGTTCGATCCGAGC-1,2
GCATCCCTAACTTTGA-1,10
GCATCGGCCGTGTAGG-1,12
GCATGCTAATAACGAT-1,13
GCCAATAGGGCATCTC-1,1
GCCACAATTTAAGGAC-1,1
GCCACCCATTCCACTT-1,2
GCCACTCAGAGCGCGA-1,4
GCCACTCCTTACGGTA-1,2
GCCAGGAGTAACCGAT-1,1
GCCAGGCGTTCGCATG-1,5
GCCAGGCTTAGTGGTA-1,2
GCCATATTGCACACAG-1,1
GCCATCGAGCTGCGTG-1,5
GCCCACCAAGGCTGTC-1,10
GCCCAGTTGGTATGCC-1,11
GCCCGACTTCTTCCCG-1,0
GCCCGATCTGTGGTCG-1,1
GCCCGCGCGTAAACGG-1,0
GCCCGCGCGTTTGACA-1,11
GCCCTGAGGATGGGCT-1,3
GCCGGAAACACATCTT-1,3
GCCGGTTTGGGCGGAT-1,13
GCCTACGTTCTGTGCA-1,3
GCCTAGCGATCTGACC-1,11
GCCTATTCCGATATAG-1,8
GCCTATTTGCTACACA-1,3
GCCTCCGACAATTCAC-1,4
GCCTCTATACATAGCA-1,6
GCCTTCAGCCCTACCG-1,6
GCCTTGTATATGCAGT-1,7
GCGAAACGATCGGGAG-1,12
GCGAAGAATCTGACGG-1,3
GCGACGATAGTTGTAC-1,1
GCGAGAAACGGGAGTT-1,2
GCGATTCTGGAAGCAG-1,9
GCGCCTCCCACTCCGA-1,7
GCGCGATGGGTCAAGT-1,15
GCGCGGTCTAGTAACT-1,0
GCGCGTCATTGGTACA-1,6
GCGCTGATCCAGACTC-1,1
GCGCTTAAATAATTGG-1,10
GCGGACCGCGTTGTGG-1,0
GCGGAGAAACTTCGCA-1,0
GCGGGAACCAGGCCCT-1,11
GCGGGCGAGCCTTACC-1,5
GCGGTAACCCAAATGA-1,2
GCGGTCCCTAGACGCA-1,10
GCGGTGAACTGCGCTC-1,1
GCGGTTCCCTATCATG-1,1
GCGTCCAGCTCGTGGC-1,4
GCGTCGAAATGTCGGT-1,16
GCGTCGCCAGGGTGAT-1,1
GCGTGTATGTCGTATT-1,3
GCGTTCGGAGACCGGG-1,5
GCTAAACCTGAGGTGA-1,8
GCTAACTGAAGTCTGA-1,4
GCTACAATCGAGGATA-1,4
GCTACACTGTCCGAAC-1,13
GCTACTATAGTAGAGT-1,11
GCTAGAGTAGAGATGT-1,10
GCTAGCAGGGAGTGGG-1,0
GCTAGCTTGAATAGCT-1,0
GCTAGGCACCACGGAG-1,6
GCTAGTTTCATTGAGG-1,12
GCTATACGTCTCGGAC-1,11
GCTATCATACTCATGG-1,6
GCTATCGCGGCGCAAC-1,7
GCTCAACCTCTTAGAG-1,2
GCTCAATCCGTTTATT-1,0
GCTCAATGTAATACCG-1,9
GCTCATTACTGCATGT-1,0
GCTCCATGAGTGCAGA-1,2
GCTCCGCTCGCTTCAG-1,8
GCTCCTGACATACTGG-1,0
GCTCGGAATTTAAAGC-1,1
GCTCTTTCCGCTAGTG-1,0
GCTGCTAAGTAGTCGA-1,9
GCTGCTACTGCGTAGC-1,6
GCTGGCGGCGCATGCT-1,1
GCTGGGTCCGCTGTTA-1,2
GCTGTATTACTGGCCC-1,1
GCTTCCAGCTTAGATT-1,2
GCTTGATGATAATCAG-1,11
GGAAACCTTGTTGAAT-1,5
GGAAACTAAATGGGCC-1,4
GGAAAGTGCCCATGCC-1,1
GGAACCGTGTAAATTG-1,1
GGAACGGCCTGCAGCC-1,8
GGAACTTTGGCGATTA-1,2
GGAAGCTCGCTTACAG-1,5
GGAATAACCTCAAGAA-1,3
GGACAACCATGAAGCC-1,13
GGACACAAGTTTACAC-1,7
GGACCAACAGGATAAC-1,16
GGACCTACGGTAACGT-1,0
GGACGGGCGACCAACC-1,2
GGACGTCCATAGTTGG-1,0
GGACTCACAAATTAGG-1,7
GGACTCTTCCGGTTGA-1,2
GGAGCAACATTTCAAG-1,10
GGAGCGAGGCCTACTT-1,3
GGAGGAGTGTGTTTAT-1,2
GGAGGATTGAAAGGAG-1,9
GGAGGGTCAAGTAAGA-1,2
GGAGTTGATTCTGTGT-1,13
GGATACTCATGAATTG-1,4
GGATCAAAGGACGAGG-1,3
GGATCATCCCGTACGC-1,0
GGATCCCTACCAGCTA-1,2
GGATGGCTTGAAGTAT-1,13
GGATTAAGCTAAGGTC-1,0
GGATTCAGTACGGTGG-1,12
GGATTCCGCTATACCC-1,1
GGATTGCTGTGACTCC-1,3
GGCAAAGGCGCCAATA-1,0
GGCAAGCCCATAGTGG-1,0
GGCACTCAGCCGACCC-1,2
GGCAGCAAACCTATGC-1,12
GGCAGCGGTAATCCTA-1,0
GGCATATCGGTTCTGC-1,1
GGCATCAACGAGCACG-1,3
GGCCACAAGCGATGGC-1,15
GGCCCAGCTGGTTTGC-1,3
GGCCGGCGTCTGCTAT-1,5
GGCCGTTTGGGTTTCA-1,14
GGCCTGCTTCTCCCGA-1,2
GGCGAGCATCGAGGAC-1,4
GGCGCGGAGATCTTTC-1,4
GGCGCTCCTCATCAAT-1,7
GGCGCTTCATTCCCTG-1,3
GGCGGTTTGCCGGTGC-1,2
GGCGTACCCTATATAA-1,3
GGCGTAGGGAAAGCTG-1,3
GGCTAAAGGGCGGGTC-1,3
GGCTCGTGCCACCAGC-1,11
GGCTGAGCATCGTAAG-1,0
GGCTGGCAGCTTTATG-1,2
GGCTGGCTAGCTTAAA-1,4
GGCTTTCAATAAGGGT-1,9
GGGAACCACCTGTTTC-1,13
GGGAAGACGGTCTGTC-1,3
GGGAAGGGCTTTCTCA-1,4
GGGAATGAGCCCTCAC-1,0
GGGACAGAGTTACTCC-1,0
GGGACCCGTATATCTT-1,9
GGGAGCGACCGTAGTG-1,8
GGGAGTAATGGCTGGC-1,10
GGGATGGTCGTAACCG-1,1
GGGCAGAGCAATCGTT-1,9
GGGCAGTCAACGCCAA-1,3
GGGCGGCAAATGAATT-1,1
GGGCGGGTTCCCTACG-1,1
GGGCGGTCCTATTGTC-1,11
GGGCGTCACCACGTAA-1,1
GGGCGTCCACTGGCTC-1,1
GGGCGTGGTTTCCCAG-1,3
GGGCTATGATCGATGG-1,5
GGGTAATGCTGTGTTT-1,2
GGGTACACTCTGGAGG-1,2
GGGTACCCACGGTCCT-1,11
GGGTCAGGAGCTAGAT-1,0
GGGTCATGCGTACCAT-1,7
GGGTCTATCGCTTTCC-1,2
GGGTGGTCCAGCCTGT-1,5
GGGTGTTTCAGCTATG-1,1
GGGTTAACATTTGAGT-1,12
GGGTTCAGACGAACAA-1,7
GGGTTTAGGATAGGAT-1,8
GGTAAACTCTGCGCTG-1,2
GGTAAATGTGCGTTAC-1,5
GGTAACCGGCAAAGGT-1,2
GGTAACTATGTATCTG-1,10
GGTACGTTGCGGCCGG-1,2
GGTACTAAGTGCTTTG-1,7
GGTAGAAGACCGCCTG-1,16
GGTAGACCGTTGGGCG-1,1
GGTATCAAGCATAGAA-1,2
GGTCAAGACTACTTCG-1,12
GGTCACGTTAGATTCA-1,4
GGTCAGTGGGTCCCAC-1,1
GGTCCTTCATACGACT-1,2
GGTCGGATAAACGGCG-1,1
GGTCGGTAATTAGACA-1,10
GGTCGGTCGTCCACAG-1,9
GGTCTCCGTCCAGGTT-1,4
GGTCTCTGAATGGACT-1,0
GGTCTTGAGCGCTCTT-1,5
GGTGAAACCGGGAATG-1,3
GGTGAACGGGCTAGCC-1,4
GGTGAAGTACAGGGAT-1,5
GGTGACTGATAGAGAG-1,2
GGTGAGATGCAGATAA-1,12
GGTGATTTCATCTTGT-1,4
GGTGCGGATAAGTGGC-1,10
GGTGCTGATCACAAAG-1,7
GGTGGACTGCTCTGGC-1,6
GGTGTAGGTAAGTAAA-1,0
GGTGTTCTGTTTCTAC-1,14
GGTTACCACCCTCGGG-1,5
GGTTAGTTACGGCGCC-1,7
GGTTCCCTAGTGTCTC-1,0
GGTTGTATCGTGAAAT-1,3
GGTTTAATTACCATCG-1,14
GGTTTAGCCTTTCTTG-1,8
GGTTTGAGTGCTGGAA-1,10
GGTTTGTGACCTGAGG-1,4
GTAACAACTGACCTTG-1,0
GTAACATCTAAGATAA-1,3
GTAACTTGCGGCAGTC-1,4
GTAAGGATTTGTCGGA-1,9
GTAAGTCCACACTCTA-1,8
GTAATCTGATTCTTCG-1,0
GTACGACGGCGCTGCG-1,10
GTACTCCTGGGTATGC-1,1
GTACTGAGGTCGTAAC-1,10
GTACTGCATGAAGCGT-1,10
GTACTTGGGCACTTCT-1,12
GTAGAAACGGGTGGAG-1,8
GTAGACAACCGATGAA-1,3
GTAGACACGCCTGACT-1,5
GTAGACGTCGTTACAT-1,10
GTAGAGGGAGACAAGT-1,0
GTAGCCAAACATGGGA-1,16
GTAGCGCTGTTGTAGT-1,3
GTAGCTAGTAAGCGCG-1,0
GTAGGTGATCCGTGTA-1,1
GTAGTCTACGATATTG-1,3
GTATAATCTCCCGGAT-1,2
GTATAGTGGCCCATGT-1,0
GTATATGTTACGGCGG-1,2
GTATCAAACGTTAGCT-1,10
GTATCAGCTTGGGTTC-1,12
GTATCCTTTGGTAACC-1,4
GTATCGGGACGAGCTG-1,2
GTATCTCCCTAACTGT-1,3
GTATCTTGTTGCTCAC-1,3
GTATGACGTGGGAAAC-1,4
GTATTAAGGCGTCTAA-1,12
GTATTCTGAGAAACGA-1,5
GTATTCTTACCGTGCT-1,2
GTATTTAATGGCATAA-1,7
GTCAAAGTTTACATAG-1,11
GTCAACCAGGCCTATA-1,4
GTCAATTGTACTGAAG-1,15
GTCACAAAGTTTCCAA-1,6
GTCACTCTCCAAATCT-1,8
GTCAGACAGCGTTGGA-1,2
GTCAGTTGTGCTCGTT-1,9
GTCATGCGCGAGGGCT-1,4
GTCCACGTCGCATTCG-1,2
GTCCCGCGACGTTATG-1,6
GTCCGGACCTGAAATT-1,10
GTCCTACAGGCGGCTC-1,7
GTCCTACGAATAGTCT-1,10
GTCCTTCTAGTGGGTT-1,5
GTCGATAGGTGACTTT-1,2
GTCGCCGTTGTGTGTT-1,5
GTCGGATGTAGCGCGC-1,1
GTCGGGAAGCAGAAAC-1,9
GTCGTATTGGCGTACA-1,1
GTCGTCAATTATAAGG-1,10
GTCTAGTGAGCCGCTT-1,4
GTCTATTGCATGCTCG-1,2
GTCTATTGGTTCCGGT-1,11
GTCTCAAGGCCCGGCT-1,9
GTCTCGCCAACACGCC-1,5
GTCTGGGCGGTCGAGA-1,1
GTCTTAGTACAGCCGG-1,9
GTCTTGTAGCTATTCA-1,8
GTGAAACGTGCTCCAC-1,4
GTGAAGATTTCAAGTG-1,5
GTGACAGCTTCCCACT-1,3
GTGACGCAGGTTTCAT-1,3
GTGACTTCAGTAGTGC-1,1
GTGAGGAGCGGTTGAG-1,5
GTGAGTGGTACAACGC-1,1
GTGATCACTAACGCCT-1,11
GTGATCCTTGTCATGA-1,3
GTGATGCACAACATCT-1,0
GTGATTCGCCGCTCAA-1,1
GTGCAACAAATGTGGC-1,6
GTGCACGAAAGTGACT-1,1
GTGCCATCACACGGTG-1,1
GTGCCGCTTCAAAGGT-1,1
GTGCCTAGCTATGCTT-1,2
GTGCCTCAGTGTACGG-1,0
GTGCCTGAGACCAAAC-1,15
GTGCGAAATCGAACAC-1,1
GTGCGCAGCTTGCTCC-1,4
GTGCGCTTACAAATGA-1,15
GTGCGGGACCATCGGC-1,4
GTGCTTACATCAGCGC-1,8
GTGGAACCTACATGCG-1,1
GTGGACCAACCCGATT-1,5
GTGGACGCATTTGTCC-1,9
GTGGACGTGCTGAGAC-1,10
GTGGAGTCGGCGGTTG-1,0
GTGGCGGGCCGTAGCT-1,5
GTGGTATAGTCTGCCG-1,5
GTGGTCAGCGAAGTAT-1,0
GTGGTTTCCGCCTTTC-1,1
GTGTATATCAGCGGGC-1,6
GTGTATGACTTTAAAG-1,4
GTGTCCGATAAGGCAT-1,0
GTGTCGTATAGCGTTC-1,6
GTGTGAGCCGAGGTGC-1,13
GTTAAAGTAGGACTGG-1,11
GTTAACATCACTTAAA-1,6
GTTAAGGGTGCGATGT-1,3
GTTACGAAATCCACGC-1,13
GTTACGGCCCGACTGC-1,4
GTTAGAGTGTGCCGCT-1,9
GTTAGCCCATGACATC-1,3
GTTATAATACGGTGAA-1,12
GTTATATTATCTCCCT-1,1
GTTATCACCTTCTGAA-1,3
GTTATTAAATACGACC-1,14
GTTATTAACGTGGGAG-1,7
GTTCAATCTATGTCAA-1,14
GTTCCAAGACAGCGAC-1,4
GTTCCAGTCTGACCAT-1,6
GTTCCCGTAAACATAT-1,2
GTTCGCTGAGACGTCT-1,7
GTTCGGAGCACTCAAC-1,2
GTTCGGATCGGGAACA-1,8
GTTCGGTGTGGATTTA-1,2
GTTCGTCTAAAGAACT-1,11
GTTCGTTGCGGACCAG-1,14
GTTCTTCCCTCGATGT-1,6
GTTGAACCGGTTCCAT-1,1
GTTGAGTCCCGCCGGT-1,6
GTTGCAGTCGACAACA-1,2
GTTGCGGACGGTCAGG-1,7
GTTGGATTCAGTGGCT-1,0
GTTGGTCATGCTATCC-1,1
GTTGTCGTGTTAGTTG-1,6
GTTGTTGCAAGATGGC-1,2
GTTTCAAACGAGTTGT-1,2
GTTTCTAGAGGCGCGG-1,15
GTTTGAGCGGTTATGT-1,15
GTTTGGCCGCTCAGCG-1,4
GTTTGGGCTTGTGAGC-1,1
GTTTGGGTTTCGCCCG-1,4
GTTTGGTAGGGTCAAC-1,1
TAAACCCAGGAGGGCA-1,0
TAAACGTCGTCAATGA-1,7
TAAAGAGCCCGAAACC-1,4
TAAAGCGGTATTTCCA-1,0
TAAAGCTGCAATAGGG-1,0
TAAAGGAGAAACTAGT-1,5
TAAATGAATCCGTTTC-1,8
TAAATGCCGTCTCATG-1,0
TAACAAAGGGAGAAGC-1,11
TAACAATATTTGTTGC-1,8
TAACCGCCCGCAGTGC-1,13
TAACCTAGGGAGTCCA-1,15
TAACTCCATGGAGGCT-1,12
TAAGATTTAGCGGGAG-1,4
TAAGGAACTTGTGGGA-1,10
TAAGGCATAACATCAA-1,5
TAAGGCCCGTCACCCT-1,3
TAAGGGCCTGTCCGAT-1,10
TAAGTAACATCTTGAC-1,1
TAAGTCGCCGAGTATC-1,0
TAAGTTGCGACGTAGG-1,10
TAATAAACAAGGAGAT-1,1
TAATACTAGAACAGAC-1,3
TAATAGAACAGAGTTA-1,5
TAATATTGAAATTCGC-1,11
TAATGAAAGACCCTTG-1,8
TAATTACGTCAGTAGA-1,4
TAATTAGATGGATATG-1,4
TAATTCCAATGCTTCA-1,2
TAATTGGAATCGGGAA-1,0
TACAAGCTGTTCACTG-1,3
TACAAGGGCTTCTTTA-1,13
TACAATGAAACCAGCA-1,15
TACAGAAACGGTGGGC-1,4
TACATGCCGGAATTGT-1,2
TACCAAATAGCCCAGA-1,9
TACCAATAAAGTACCA-1,6
TACCAGAAGTAGGTTC-1,1
TACCAGCTAGGTTTAA-1,6
TACCCTCGGTAACCCT-1,2
TACCGAATAATTGTAA-1,4
TACCGGCTCACTGCCC-1,11
TACCGGTCGTTTCCAT-1,5
TACCGTAGGTTAACTA-1,9
TACCGTGCCTCGGACC-1,16
TACCTACTCCCAGTAT-1,9
TACCTCACGCTTGTAC-1,6
TACCTCAGTTGTCTGT-1,14
TACCTCTTTACCATCC-1,2
TACCTGCTGCACTGTG-1,8
TACCTTAAGATTTCCC-1,0
TACGCCGAGGGTACCC-1,0
TACGCCTCCATTCCGA-1,9
TACGCTCGGTATTGGA-1,2
TACGGAAGCCAAACCA-1,3
TACGGCATGGACGCTA-1,2
TACGGGATGCTAGCAG-1,1
TACGTAAAGCGGAGTG-1,4
TACGTACTAGTGCTGA-1,14
TACGTGCACTATGCTG-1,12
TACGTGGGCCCAGGGC-1,3
TACGTTTACCGGCAAT-1,1
TACTATGGTTCCTCAG-1,5
TACTCACAACGTAGTA-1,2
TACTCTCCGAACAAAT-1,1
TACTCTTACTTTACTG-1,2
TACTCTTTCGTCTTCA-1,5
TACTGAACAGATTTAG-1,5
TACTGCAATCAATTAC-1,5
TACTGTTTCTCTGGTA-1,7
TACTTAAACATGTACA-1,2
TAGAAACCACTAAGTA-1,14
TAGAACGCCAGTAACG-1,2
TAGAAGAAGGGTTACA-1,2
TAGAATAGCCGATGAA-1,4
TAGAATTAAGGGCAAC-1,9
TAGACGAAACGCCAAT-1,3
TAGAGCTACGAAGAAC-1,6
TAGAGGTTCTACTTGT-1,10
TAGATATGGACTGGAA-1,1
TAGATCCGAAGTCGCA-1,9
TAGATGGTTCCTTACT-1,4
TAGCAACCTGTCACAA-1,7
TAGCAGTATGACTAAA-1,13
TAGCCAGAGGGTCCGG-1,2
TAGCGTCCCTCGATTG-1,8
TAGCGTCCGGTGTGGT-1,6
TAGCTAGAAGGCATGA-1,1
TAGCTAGTGATGATGG-1,14
TAGCTCGCCTGATAAC-1,1
TAGGAACAGCCTCCAG-1,14
TAGGCCTATATAGTCT-1,2
TAGGCTAAAGTGGCAC-1,4
TAGGTGACGATAACCT-1,3
TAGGTGTTCCACAGAT-1,9
TAGTACCTTAGTGGTC-1,7
TAGTAGCTTATACCAG-1,14
TAGTCCGTATGCATAA-1,2
TAGTCGATCACGGGTT-1,11
TAGTCGGGATTCTTCG-1,2
TAGTCTAACAACGAGA-1,1
TAGTCTGTGACGTTGC-1,7
TAGTCTTTCCGAATTG-1,7
TAGTGAGAAGTGGTTG-1,15
TAGTGCTTGAATCCTT-1,2
TAGTGGAACTCATACA-1,14
TAGTGTCAGAAACGGC-1,7
TAGTTAAGATAGGATA-1,5
TAGTTTATTCTTGCTT-1,6
TATAAATCCACAAGCT-1,11
TATAAGTGAGGATAGC-1,11
TATACACAGACGCCTT-1,1
TATACACGCAAAGTAT-1,12
TATACCGAGTGCCACA-1,7
TATACGCGTCATCACT-1,5
TATACTCATGCGGCAA-1,7
TATAGAGTCGCTTGAA-1,14
TATATTACAAATGTCG-1,0
TATATTCGCGTCGATA-1,5
TATCACAGCACGGGCA-1,3
TATCACCATGTAAAGT-1,0
TATCACCCAACCGACC-1,1
TATCACTTCGAGTAAC-1,8
TATCCAATTGGTTATC-1,6
TATCCGCACCGTCGGG-1,9
TATCCTGCATGGGAAT-1,6
TATCGATCTATGCATA-1,1
TATCTTGCAATACAAC-1,0
TATGAAGAATTAAGGT-1,13
TATGAAGACAGGTGCG-1,8
TATGATAAATCTAACG-1,0
TATGATCTTCTCTTTA-1,4
TATGATTCTGCTTGGT-1,4
TATGGAGTTTCTCGTT-1,4
TATGGCAGACTTTCGA-1,13
TATGTCAAGACCGACT-1,1
TATTAACACCAAAGCA-1,0
TATTAACCTGACCGCG-1,5
TATTCCACTCAGCTCG-1,1
TATTCCGAGCTGTTAT-1,6
TATTCCGGCAGTCCTA-1,3
TATTCCTCCGCCCACT-1,5
TATTTATACCGAGTAG-1,1
TATTTGATTTGCACAG-1,7
TCAAATTGTTGTGCCG-1,3
TCAAATTTGAGACTCA-1,5
TCAACAAAGATAATTC-1,0
TCAACACATTGGGTAA-1,4
TCAACATAGCGCCCTA-1,5
TCAACGCAGGAAATAA-1,0
TCAACTGCAGAGTCAG-1,3
TCAAGCGCGGACGGTA-1,2
TCAAGGTTACTACACC-1,8
TCAATACGCCGTCATG-1,9
TCACAAACCGAGGTAC-1,4
TCACAGATCCTCAAAC-1,2
TCACAGCAAACTCGAA-1,1
TCACAGGAGAATAAGA-1,5
TCACATCTTATCTGAT-1,8
TCACGATGTCCGTGGA-1,0
TCACTACGACCAATGC-1,0
TCACTATCGTGCAATC-1,4
TCACTCAGCGCATTAG-1,15
TCACTCGTGCAACGGC-1,0
TCAGCAGTAGGCCCTG-1,14
TCAGCCAATCCGTAAA-1,4
TCAGGGCGCAAACTCG-1,7
TCAGGGTGCACGAAAC-1,0
TCAGTAGGGACTATAA-1,1
TCAGTGTATACGTCAT-1,0
TCAGTTACGGAATGAT-1,5
TCATAAGTCCAAGAAG-1,2
TCATACTTACAGATCC-1,7
TCATATGAGCTTTGTT-1,5
TCATCACTCGAGCTCG-1,12
TCATCCCAGAGGGTGG-1,1
TCATCCTCAGCTGCTT-1,15
TCATCGATGGTCCCAA-1,0
TCATGCAGGTTCTCAT-1,1
TCATTTAGAAGTGTGA-1,7
TCCAACTCAGCTATCT-1,4
TCCAAGCCTAGACACA-1,3
TCCAATAAAGGCTACC-1,0
TCCACCTCTAGCCTTT-1,9
TCCAGCGCTATAAGCG-1,7
TCCAGGGTATATACGA-1,5
TCCATTAGTTGGATAG-1,4
TCCATTGTGACCTCGT-1,9
TCCCACGGAGGGAGCT-1,0
TCCCAGCACACGACAT-1,2
TCCCGGTCAGGAATTT-1,4
TCCCTCCGAAATCGTT-1,4
TCCCTCTTCTCAAGGG-1,2
TCCCTTAGATTACTCG-1,1
TCCGAACGTTGCCGCT-1,7
TCCGAGAAGGCTAAGC-1,4
TCCGCCTGTCTACAAG-1,6
TCCGCGGCCCAATGAA-1,12
TCCGCTTATCCCATTA-1,1
TCCGGCCTGCATCGAT-1,14
TCCGGGCTTGACGGGA-1,13
TCCGGTTCGTCCGGTC-1,1
TCCGTAACCACAATCC-1,7
TCCGTTAAGCTAATAT-1,12
TCCTAAAGATTCAGAC-1,0
TCCTAAATTGGGAAGC-1,6
TCCTAACCGTCGGGCA-1,14
TCCTATCATAGGTAAC-1,8
TCCTCTCCAGTTGTCC-1,8
TCCTCTGGCCCATTAG-1,3
TCCTGCCAACTGGAGA-1,5
TCCTTACGACGGTCCG-1,11
TCCTTCAGTGGTCGAA-1,1
TCCTTTAAATCCGCTT-1,10
TCGAGCCAGGCAGGCC-1,0
TCGAGGGCAACAGACG-1,2
TCGATAGGCTAGTCGC-1,3
TCGCATAAAGGGCGCA-1,2
TCGCATCCCTAAGTGT-1,11
TCGCATTCAATGACTT-1,4
TCGCCGAAGTTGCGTC-1,1
TCGCCGACATATTCGC-1,15
TCGCCTCGACCTGTTG-1,2
TCGCGTAGCAGTGTCC-1,4
TCGCTAAACCGCTATC-1,1
TCGCTACTGGCTTTGA-1,3
TCGCTGCCAATGCTGT-1,3
TCGCTGTGCGTAAATC-1,10
TCGGAATGACCATCAA-1,9
TCGGCGAACCCAAACC-1,12
TCGGCTAACTTCCCTT-1,0
TCGGCTTGTATCGACG-1,4
TCGGGAGACAGCGTAC-1,13
TCGGGCACTTCTGGAT-1,15
TCGGGTGAAACTGCTA-1,6
TCGGTCCCGACAATAG-1,0
TCGGTCCCTGACTCCA-1,0
TCGGTGACCGCTCCGG-1,0
TCGTAACTCCCAAGAC-1,2
TCGTAAGCTCCGAGGA-1,0
TCGTACCGACGTCAAG-1,0
TCGTATAGTGCAATTA-1,6
TCGTATTTCGTCCGGA-1,0
TCGTCAAGTACGCGCA-1,0
TCGTCACACTGTTAGC-1,8
TCGTCCGCTGGCGTCT-1,11
TCGTCTTAGGCGTTAA-1,6
TCGTGTATTGGTCACG-1,7
TCGTGTTCGACCACAA-1,15
TCGTTAGGAGTCCCTA-1,1
TCGTTCGTTATTATGT-1,6
TCGTTGCTATCCGGTC-1,5
TCGTTGGCTCGTCAAT-1,4
TCTAAAGAACAGTCTC-1,0
TCTACACGTTCATGCA-1,0
TCTACCCAATAGAGAG-1,3
TCTAGCAATCTCCGCC-1,2
TCTATCATGCAGTTAC-1,11
TCTATGCTATAACGAC-1,4
TCTATTACGCTGGCGA-1,10
TCTCATGAGATAGGGT-1,11
TCTCCACAAGTTGAAT-1,4
TCTCCCTGGGCAGCGT-1,6
TCTCGAACGAGGTCAC-1,0
TCTCGACGTATCGCCG-1,8
TCTCGAGGAGGTTCGC-1,7
TCTCGGCTCCAGGACT-1,3
TCTCTCGCCGCACATA-1,7
TCTGAACCGGTCGGCT-1,11
TCTGAAGCACGTGGTC-1,6
TCTGACTGTAATGGTT-1,2
TCTGAGCAATTGACTG-1,7
TCTGATGTATTCTGTC-1,6
TCTGCATACCTTGCTT-1,4
TCTGCGTCCGGTTTCT-1,3
TCTGGGTAGCGCTCAT-1,1
TCTGTCATACAAGAGC-1,4
TCTGTGACTGACCGTT-1,13
TCTGTGGCTACATTTC-1,3
TCTGTTACCCAGCATA-1,0
TCTTACAGAGGTACCG-1,10
TCTTACCGGAACTCGT-1,1
TCTTACGGCATCCGAC-1,8
TCTTATGGGTAGTACC-1,3
TCTTCGCGGTGAGAGG-1,2
TCTTCTATAACCCGCC-1,8
TCTTGCTCCCGATACT-1,3
TCTTTAGAGTCTAACA-1,7
TCTTTCCTTCGAGATA-1,2
TCTTTCTCTTAAGGAG-1,14
TGAAACCTCAACTCAC-1,4
TGAAACTTATGCAAGC-1,9
TGAACACCCGAAGCAG-1,2
TGAAGAGCGGTCCTAG-1,7
TGAATACCGACGCGTA-1,3
TGAATGTCAGCCGGCC-1,12
TGACACTTCTCTTTGC-1,0
TGACCAAATCTTAAAC-1,0
TGACCAGCTTCAAAGT-1,0
TGACCCAACTCACATT-1,7
TGAGATCAAATACTCA-1,3
TGAGATTAGGCCCTAA-1,0
TGAGCAGTCGTGAAGT-1,4
TGAGCCATACAGTCTC-1,1
TGAGCGGAAAGTGTTC-1,1
TGAGCTTTAATGACGC-1,1
TGAGGAGTGCCAGCTT-1,9
TGAGGTTGATCCCAAG-1,4
TGAGTGCCTCTTAAAT-1,1
TGAGTTAAAGACATTC-1,7
TGATACATTTAGCCGT-1,5
TGATCTACGCTGATCT-1,0
TGATGGGACTAAGTCA-1,2
TGATGTCAATTAAGTG-1,4
TGATTCCCGGTTACCT-1,0
TGATTCTGTCGCCGGT-1,1
TGATTTCCTCCTGACG-1,12
TGCAACCCATCTGCGG-1,4
TGCAACTACTGGTTGA-1,15
TGCAATCTAACACGGT-1,4
TGCAATTTGGGCACGG-1,0
TGCACAGTGAAGTTAT-1,0
TGCACGAGTCGGCAGC-1,3
TGCACTATGTGAGTGC-1,7
TGCATGAGTAGATTCG-1,2
TGCCAATGGGTACTCT-1,5
TGCCAGTACGTGGAGA-1,16
TGCCATTACTAAAGAA-1,1
TGCCGATGTCATCAAT-1,2
TGCCGTGGATCGTCCT-1,9
TGCCTAATTGAAGATT-1,8
TGCCTGACATCGGTCA-1,7
TGCCTTGGCCAGGCAA-1,6
TGCGACACCCTAGTGC-1,1
TGCGAGAAACGTTACG-1,2
TGCGAGAATATTACCC-1,0
TGCGAGCCCTTCCGCG-1,0
TGCGATGCTAATGGCT-1,7
TGCGGACTTGACTCCG-1,3
TGCGGCATAGTTCAAC-1,6
TGCGGGTATTGGGATC-1,5
TGCGGTGAAATTTCAT-1,16
TGCGTAAGAACCTGAT-1,1
TGCGTACGGCTAATTG-1,13
TGCGTGATTGGGTGTC-1,2
TGCTAAGTGTCTATTT-1,11
TGCTATACAAACGGAC-1,3
TGCTCGGCGAAACCCA-1,9
TGCTCGGTGGGTCACC-1,3
TGCTCTTGAGAGTTTG-1,3
TGCTTCCCAAGCAGTA-1,5
TGCTTGAAACCATGCA-1,2
TGGAAACGGAGTGAAC-1,2
TGGAACCACTGACACA-1,1
TGGAAGAAGGGAACGT-1,1
TGGAAGACGAACACCA-1,6
TGGAATATCCTTGACC-1,5
TGGAATTAGACGCTTT-1,8
TGGACACCGTTGCTTG-1,7
TGGACCAATCTAAGAT-1,3
TGGACCACGGCGTTGA-1,2
TGGACGTAGGCGAATC-1,2
TGGAGCTAAAGTTCCC-1,5
TGGATAGAGTAACAGA-1,2
TGGCAAGCACAAGTCG-1,0
TGGCAATGGGACGGCG-1,12
TGGCACGAGCTCGAGT-1,0
TGGCGACTGCTCCAAA-1,5
TGGCGATCAAGTTATG-1,1
TGGCGGTGTGCGATTG-1,4
TGGCTACACTCTACCT-1,4
TGGCTATGTGACATAC-1,3
TGGGAAATGCCTTTCC-1,8
TGGGACCATTGGGAGT-1,2
TGGGATGCACTCATTC-1,0
TGGGCAATAGTTGGGT-1,8
TGGGCACAAACAGAAC-1,4
TGGGCACGTTCTATGG-1,1
TGGGCAGGCCACCGCA-1,7
TGGGCCACAAGAGCGC-1,1
TGGGCCTTGCCTGCAT-1,2
TGGGCGATACAATAAG-1,0
TGGGTAAGGTTCCCGC-1,1
TGGGTGCACAAGCCAT-1,8
TGGGTGTAATAGATTT-1,13
TGGTACCGGCACAGCC-1,2
TGGTAGAATATATGGG-1,11
TGGTATCGCATCCCAA-1,9
TGGTATCGGTCTGTAT-1,3
TGGTCCCACGCTACGG-1,6
TGGTGATCGTATTTGT-1,8
TGGTTGGAGGATCCTG-1,5
TGTAACTTGTCAACCT-1,13
TGTACCTACACGAGGG-1,4
TGTACTGTGCCAAAGT-1,4
TGTAGCCATCCCATTC-1,2
TGTATCCTTATTCCAT-1,6
TGTCCACGGCTCAACT-1,4
TGTCCCGACATAGCAC-1,6
TGTCCGCAAACAATTC-1,0
TGTCCGTGGCGCCTTT-1,8
TGTCGGCATGGTGGAA-1,2
TGTCTACAGTTTCTGT-1,6
TGTGAGACTAGCCCAA-1,9
TGTGCCGGTGCCGGAA-1,10
TGTGGAGGAAGCTTAA-1,3
TGTGGCGGGCTTCTGG-1,0
TGTGGCTCCCACCAAC-1,8
TGTGGTTGCTAAAGCT-1,0
TGTGTAGTAGCACGTG-1,2
TGTTCGTATTGCGGTG-1,1
TGTTTAATACTTCATC-1,9
TGTTTGAGATCGTCAG-1,7
TTAAACAGAGTCCCGC-1,4
TTAAACCGGTAGCGAC-1,3
TTAACACCTCGAACAT-1,8
TTAACGTCGCAAGACC-1,6
TTAACTCACGCGTGGA-1,8
TTAACTTCAGGTAGGA-1,0
TTAAGCCGACAACTTC-1,1
TTAAGGATACGGAGGT-1,4
TTAAGTATTGTTATCC-1,4
TTAATCAGTACGTCAG-1,1
TTAATGCGAGGTAACT-1,5
TTAATGTGTTTGCAGG-1,2
TTAATTGCTTTGGGTG-1,3
TTAATTTCAGACGCGG-1,16
TTACACGATCTGCGAC-1,2
TTACATCGTGGCCTGG-1,12
TTACCCATTGCCGGGT-1,1
TTACCCTAACAGTCCT-1,8
TTACCCTAGGGATTGG-1,9
TTACCGCCTTAGGGAA-1,3
TTACGGTGTCACCGAG-1,4
TTACGTATCTATGACA-1,2
TTACTCTGGTACGTAC-1,5
TTACTGTTTCTCTACG-1,5
TTAGAAGAACATGACT-1,1
TTAGAATAAGGGTCGG-1,14
TTAGACACGATCGTTG-1,1
TTAGATAGGTCGATAC-1,3
TTAGCAACATGGATGT-1,12
TTAGCTAATACGATCT-1,1
TTAGTAAACCTGCTCT-1,4
TTATAGATGCACATTA-1,3
TTATAGGTAATTGTCT-1,3
TTATCATACTCGCAAA-1,13
TTATCCAATCGAACTC-1,4
TTATCCGGGATCTATA-1,11
TTATCGCCTGCGAAGC-1,8
TTATGCGTCCCGGTCC-1,4
TTATGTTTGCGATAGA-1,8
TTATTAGGGAAGCATC-1,6
TTATTATCTGGAAGGC-1,2
TTATTTAGGTTCCTTA-1,0
TTCAACGACCCGACCG-1,11
TTCAAGCCGAGCTGAG-1,1
TTCAATTAGCCATAAT-1,9
TTCACTCGAGCACCTA-1,6
TTCAGAGTAACCTGAC-1,2
TTCAGCTGGCGTGCCC-1,10
TTCATAGCCTTGTAAC-1,2
TTCATGGCGCAACAGG-1,1
TTCCAATCAGAGCTAG-1,1
TTCCAATCTGGCTATC-1,1
TTCCACACAGATTTGA-1,1
TTCCACATTTCTCGTC-1,0
TTCCATCATGCGGTGA-1,0
TTCCATCGACAGCGTG-1,2
TTCCGCAGAGAAATAT-1,3
TTCCGCGTGAGGCGAT-1,11
TTCCGGCCTTGAGGCT-1,5
TTCCGGTATCTGTGTC-1,8
TTCCTCGGACTAACCA-1,11
TTCCTTTCTGTGTTGC-1,4
TTCGACAGAGCCCGTG-1,16
TTCGAGCCGGCGCTAC-1,0
TTCGCACTGTACGACA-1,9
TTCGCATCCGGAAGCA-1,2
TTCGCGCGCCATACGA-1,14
TTCGCTAGGAAGTTGT-1,8
TTCGCTATCTGACGTG-1,3
TTCGGACTGATGCCTT-1,0
TTCGGCAACCCGCTGA-1,1
TTCGGCTAGAGATGGT-1,7
TTCGGGCGCTAGTCTT-1,0
TTCGGGTTGCCACGGG-1,2
TTCGGTACTGTAGAGG-1,0
TTCGGTGGAGACGCCC-1,7
TTCGTAATCCCAGCGG-1,5
TTCGTTCAACGAAGTT-1,1
TTCTACCTTTATGTTG-1,14
TTCTACTTGCGAGGGC-1,8
TTCTAGAAAGTCTTAT-1,14
TTCTGACCGGGCTCAA-1,6
TTCTGCCGCGCCTAGA-1,16
TTCTGTTTCCTGTCGC-1,7
TTCTTAGTGAACGGTG-1,12
TTCTTATCCGCTGGGT-1,12
TTCTTCCCTTTGATAT-1,5
TTCTTCGCAATAGAGC-1,0
TTCTTGAGCCGCGCTA-1,1
TTCTTGGACGATCTGC-1,0
TTCTTTGGTCGCGACG-1,1
TTGAAACCCTCATTCC-1,2
TTGAAAGGTGTAAAGG-1,0
TTGAACGAATCCTTTG-1,7
TTGAACGACGTGCTGA-1,4
TTGACATGAACGTGGA-1,5
TTGACCAGGAACAACT-1,3
TTGACCGTGTTAATGA-1,0
TTGACGATTCAGCACG-1,13
TTGACTACCATATGGT-1,1
TTGACTATTGTCCGGC-1,8
TTGAGAAGTTTAGCAT-1,10
TTGAGAGTACTGCTAA-1,1
TTGAGCAGCCCACGGT-1,8
TTGAGGCATTTAACTC-1,0
TTGATTAGCTGTTTCT-1,5
TTGCAAGAAGACTCCT-1,5
TTGCATGCTGATCACG-1,1
TTGCCAAGCAGAACCC-1,8
TTGCCGCTTTCTAGTA-1,3
TTGCCGGTGATCCCTC-1,0
TTGCGCTTGATCAATA-1,13
TTGCGGCATCAGAAAG-1,5
TTGCGGCGACTCATGC-1,5
TTGCGTAGTTTGAGGA-1,8
TTGCGTCGGCCAACCG-1,0
TTGCGTGAACGCTTAG-1,0
TTGCGTGTGTAGGCAT-1,0
TTGCTAGCTACCAATC-1,13
TTGCTCATAGTACGTG-1,13
TTGCTGCACCTATCCA-1,7
TTGCTGGCCGGGCTTC-1,9
TTGGAAGAATACAGTC-1,0
TTGGACATGTGGCTTA-1,1
TTGGACCATCTGGCAA-1,12
TTGGACCTATAACAGT-1,10
TTGGAGTCTCCCTTCT-1,4
TTGGATATCGTCTACG-1,1
TTGGATCGACTTCTGG-1,6
TTGGATTGGGTACCAC-1,6
TTGGCCATCTTGCGCT-1,7
TTGGCCTAGAATTTCG-1,1
TTGGCTCAATATGTGT-1,2
TTGGGAAGACGAGCCG-1,0
TTGGGACGTAAGAGTT-1,7
TTGGTCACACTCGTAA-1,1
TTGTAAGGACCTAAGT-1,2
TTGTATCACACAGAAT-1,1
TTGTGAACCTAATCCG-1,10
TTGTGCAGCCACGTCA-1,3
TTGTGGTAGGAGGGAT-1,0
TTGTGGTGGTACTAAG-1,4
TTGTGTATGCCACCAA-1,9
TTGTGTTTCCCGAAAG-1,1
TTGTTTCACATCCAGG-1,0
TTGTTTCCATACAACT-1,5
TTGTTTGTGTAAATTC-1,3
